departamento_destino|departamento_origen|dia_habil|dia_nohabil|diferencia_horas|factor_ajuste|factor_ajuste_transmilenio|fe_total|hora_fin|hora_inicio|id_encuesta|latitud_destino|latitud_origen|longitud_destino|longitud_origen|medio_predominante|motivoviaje|municipio_destino|municipio_origen|numero_persona|numero_viaje|pi_k_i|pi_k_ii|pi_k_iii|pico_habil|pico_nohabil|ponderador_calibrado|ponderador_calibrado_viajes|tiempo_camino|valle_habil|valle_nohabil|zat_destino|zat_origen,
Bogota D.C.|Bogota D.C.|S||01:50:00|880038976470596|120293649023643|125934523809524|09:55:00|08:05:00|18390069|46502682159333|46130545936828|-74067594708128|-74190594818804|TPC-SITP|Tramites|BOGOTA-DC 11001|BOGOTA-DC 11001|2|1|320560606060606|392857142857143|1|||110827289435645|133318190576132|10|||238|566,
Bogota D.C.|Bogota D.C.|S||01:50:00|880038976470596|120293649023643|125934523809524|12:11:05|10:21:05|18390069|46130545936828|46502682159333|-74190594818804|-74067594708128|TPC-SITP|Volver a casa|BOGOTA-DC 11001|BOGOTA-DC 11001|2|2|320560606060606|392857142857143|1|||110827289435645|133318190576132|10|S||566|238,
Bogota D.C.|Bogota D.C.|S||00:18:00|880038976470596|120293649023643|125934523809524|06:45:00|06:27:00|18390069|46156126809888|46130545936828|-74190138057954|-74190594818804|PEATON|Estudiar|BOGOTA-DC 11001|BOGOTA-DC 11001|3|1|320560606060606|392857142857143|1|S||110827289435645|133318190576132|10|||564|566,
Bogota D.C.|Bogota D.C.|S||00:55:00|880038976470596|120293649023643|125934523809524|09:41:27|08:46:27|18390069|46130545936828|46156126809888|-74190594818804|-74190138057954|PEATON|Volver a casa|BOGOTA-DC 11001|BOGOTA-DC 11001|3|2|320560606060606|392857142857143|1|||110827289435645|133318190576132|10|||566|564,
Bogota D.C.|Bogota D.C.|S||01:32:00|62154082206328|120293649023643|653168859649123|09:19:00|07:47:00|18390891|46899883259617|46577642414013|-74065486185993|-74074829090851|MOTO|Trabajar|BOGOTA-DC 11001|BOGOTA-DC 11001|1|1|149295739348371|4375|1|||405971109972451|488357462167647|7|||138|227,
Bogota D.C.|Bogota D.C.|S||00:36:00|62154082206328|120293649023643|653168859649123|17:06:00|16:30:00|18390891|46577642414013|46899883259617|-74074829090851|-74065486185993|MOTO|Volver a casa|BOGOTA-DC 11001|BOGOTA-DC 11001|1|2|149295739348371|4375|1|||405971109972451|488357462167647|7|||227|138,
Bogota D.C.|Bogota D.C.|S||00:36:00|62154082206328|120293649023643|653168859649123|17:06:00|16:30:00|18390891|46495623851774|46577642414013|-74065048167068|-74074829090851|PEATON|Estudiar|BOGOTA-DC 11001|BOGOTA-DC 11001|2|1|149295739348371|4375|1|||405971109972451|488357462167647|20|||239|227,
Bogota D.C.|Bogota D.C.|S||00:45:36|62154082206328|120293649023643|653168859649123|19:31:42|18:46:06|18390891|46577642414013|46495623851774|-74074829090851|-74065048167068|PEATON|Volver a casa|BOGOTA-DC 11001|BOGOTA-DC 11001|2|2|149295739348371|4375|1|||405971109972451|488357462167647|20|||227|239,
Bogota D.C.|Bogota D.C.||S|01:00:00|63824667536148|120293649023643|925401993355482|11:50:00|10:50:00|18391017|46371862863255|46085647688779|-74118808629596|-74172809896978|ESPECIAL|Asuntos de Trabajo|BOGOTA-DC 11001|BOGOTA-DC 11001|1|1|157995462280204|585714285714286|1|||590634745632022|71049608792227|0||S|385|546,
Bogota D.C.|Bogota D.C.||S|01:00:00|63824667536148|120293649023643|925401993355482|17:20:00|16:20:00|18391017|46085647688779|46371862863255|-74172809896978|-74118808629596|ESPECIAL|Volver a casa|BOGOTA-DC 11001|BOGOTA-DC 11001|1|2|157995462280204|585714285714286|1|||590634745632022|71049608792227|25|||546|385,
Bogota D.C.|Bogota D.C.||S|01:07:00|63824667536148|120293649023643|925401993355482|11:58:00|10:51:00|18391017|46371862863255|46085647688779|-74118808629596|-74172809896978|TPC-SITP|Asuntos de Trabajo|BOGOTA-DC 11001|BOGOTA-DC 11001|2|1|157995462280204|585714285714286|1|||590634745632022|71049608792227|5||S|385|546,
Bogota D.C.|Bogota D.C.||S|01:07:00|63824667536148|120293649023643|925401993355482|17:35:00|16:28:00|18391017|46085647688779|46371862863255|-74172809896978|-74118808629596|TPC-SITP|Volver a casa|BOGOTA-DC 11001|BOGOTA-DC 11001|2|2|157995462280204|585714285714286|1||S|590634745632022|71049608792227|10|||546|385,
Bogota D.C.|Bogota D.C.||S|00:40:00|63824667536148|120293649023643|925401993355482|11:26:00|10:46:00|18391017|4613845104254|46085647688779|-74176593561814|-74172809896978|PEATON|Estudiar|BOGOTA-DC 11001|BOGOTA-DC 11001|3|1|157995462280204|585714285714286|1|||590634745632022|71049608792227|0||S|548|546,
Bogota D.C.|Bogota D.C.||S|00:45:00|63824667536148|120293649023643|925401993355482|19:00:00|18:15:00|18391017|46085647688779|4613845104254|-74172809896978|-74176593561814|PEATON|Volver a casa|BOGOTA-DC 11001|BOGOTA-DC 11001|3|2|157995462280204|585714285714286|1||S|590634745632022|71049608792227|0|||546|548,
Bogota D.C.|Bogota D.C.||S|01:03:00|134054047747945|120293649023643|63471|11:47:00|10:44:00|18391018|461541151502|46105477030688|-741661401749|-74209994598705|PEATON|Recibir atencion en salud|BOGOTA-DC 11001|BOGOTA-DC 11001|1|1|401715189873418|158|1|||85085444646098|102352386152783|15||S|534|570,
Bogota D.C.|Bogota D.C.||S|01:03:00|134054047747945|120293649023643|63471|19:18:00|18:15:00|18391018|46105477030688|461541151502|-74209994598705|-741661401749|PEATON|Volver a casa|BOGOTA-DC 11001|BOGOTA-DC 11001|1|2|401715189873418|158|1||S|85085444646098|102352386152783|15|||570|534,
Bogota D.C.|Bogota D.C.||S|02:00:00|134054047747945|120293649023643|63471|12:30:00|10:30:00|18391018|46743847246883|46105477030688|-74087790954622|-74209994598705|TPC-SITP|Trabajar|BOGOTA-DC 11001|BOGOTA-DC 11001|2|1|401715189873418|158|1|||85085444646098|102352386152783|5||S|842|570,
Bogota D.C.|Bogota D.C.||S|02:50:00|134054047747945|120293649023643|63471|20:57:30|18:07:30|18391018|46105477030688|46743847246883|-74209994598705|-74087790954622|TPC-SITP|Volver a casa|BOGOTA-DC 11001|BOGOTA-DC 11001|2|2|401715189873418|158|1||S|85085444646098|102352386152783|5|||570|842,
Bogota D.C.|Bogota D.C.||S|01:00:00|134054047747945|120293649023643|63471|09:00:00|08:00:00|18391018|46851548150954|46105477030688|-74048667472265|-74209994598705|ALIMENTADOR|Trabajar|BOGOTA-DC 11001|BOGOTA-DC 11001|3|1|401715189873418|158|1|||85085444646098|102352386152783|5|||850|570,
Bogota D.C.|Bogota D.C.||S|02:00:00|134054047747945|120293649023643|63471|20:00:00|18:00:00|18391018|46105477030688|46851548150954|-74209994598705|-74048667472265|ALIMENTADOR|Volver a casa|BOGOTA-DC 11001|BOGOTA-DC 11001|3|2|401715189873418|158|1||S|85085444646098|102352386152783|5|||570|850,
Bogota D.C.|Bogota D.C.|S||00:33:00|613829349792648|120293649023643|380787423103213|18:21:00|17:48:00|18391039|46338948786214|46163416399036|-74075749650215|-7417084757383|Transmilenio|Asuntos de Trabajo|BOGOTA-DC 11001|BOGOTA-DC 11001|1|1|775678084099137|122727272727273|4|||233738496332663|281172566411554|2|||288|533,
Bogota D.C.|Bogota D.C.|S||00:47:00|613829349792648|120293649023643|380787423103213|23:17:00|22:30:00|18391039|46163416399036|46338948786214|-7417084757383|-74075749650215|Transmilenio|Volver a casa|BOGOTA-DC 11001|BOGOTA-DC 11001|1|2|775678084099137|122727272727273|4|||233738496332663|281172566411554|2|||533|288,
Bogota D.C.|Bogota D.C.|S||00:47:00|613829349792648|120293649023643|380787423103213|18:53:00|18:06:00|18391039|45772124570123|46163416399036|-74099369691003|-7417084757383|TPC-SITP|Recibir atencion en salud|BOGOTA-DC 11001|BOGOTA-DC 11001|2|1|775678084099137|122727272727273|4|||233738496332663|281172566411554|25|||590|533,
Bogota D.C.|Bogota D.C.|S||01:32:00|613829349792648|120293649023643|380787423103213|21:38:00|20:06:00|18391039|46163416399036|45772124570123|-7417084757383|-74099369691003|TPC-SITP|Volver a casa|BOGOTA-DC 11001|BOGOTA-DC 11001|2|2|775678084099137|122727272727273|4|||233738496332663|281172566411554|10|||533|590,
Bogota D.C.|Bogota D.C.||S|01:10:00|639026699191019|120293649023643|287902842377261|07:55:00|06:45:00|18391352|46987653093412|46411343554498|-74166926630625|-74162095160611|BICICLETA, BICICLETA CON MOTOR|Trabajar|BOGOTA-DC 11001|BOGOTA-DC 11001|1|1|147223044397463|488888888888889|4|||183977603052053|221313372097548|0|||308|411
Bogota D.C.|Bogota D.C.||S|02:00:00|639026699191019|120293649023643|287902842377261|19:55:00|17:55:00|18391352|46411343554498|46987653093412|-74162095160611|-74166926630625|BICICLETA, BICICLETA CON MOTOR|Volver a casa|BOGOTA-DC 11001|BOGOTA-DC 11001|1|2|147223044397463|488888888888889|4||S|183977603052053|221313372097548|0|||411|308
Bogota D.C.|Bogota D.C.||S|02:00:00|639026699191019|120293649023643|287902842377261|09:00:00|07:00:00|18391352|47468228709358|45867790711897|-74096173661307|-74079272394347|Transmilenio|Trabajar|BOGOTA-DC 11001|BOGOTA-DC 11001|2|1|147223044397463|488888888888889|4|||183977603052053|221313372097548|5|||40|411,
Bogota D.C.|Bogota D.C.||S|01:10:00|639026699191019|120293649023643|287902842377261|18:40:00|17:30:00|18391352|46411343554498|47468228709358|-74162095160611|-74096173661307|Transmilenio|Volver a casa|BOGOTA-DC 11001|BOGOTA-DC 11001|2|2|147223044397463|488888888888889|4||S|183977603052053|221313372097548|10|||411|40,
Bogota D.C.|Bogota D.C.||S|00:30:00|63824667536148|120293649023643|588892177589852|08:30:00|08:00:00|18391373|45654858647582|46227465499645|-74086997692401|-7414933519013|MOTO|Trabajar|BOGOTA-DC 11001|BOGOTA-DC 11001|2|1|109793456838786|536363636363636|1|||375858474493105|452133874132354|30|||596|522,
Bogota D.C.|Bogota D.C.||S|01:50:00|63824667536148|120293649023643|588892177589852|19:31:00|17:41:00|18391373|46227465499645|45654858647582|-7414933519013|-74086997692401|MOTO|Volver a casa|BOGOTA-DC 11001|BOGOTA-DC 11001|2|2|109793456838786|536363636363636|1||S|375858474493105|452133874132354|30|||522|596,
Bogota D.C.|Bogota D.C.||S|01:10:00|63824667536148|120293649023643|588892177589852|09:30:00|08:20:00|18391373|47520365147872|46227465499645|-74047907006065|-7414933519013|Transmilenio|Trabajar|BOGOTA-DC 11001|BOGOTA-DC 11001|3|1|109793456838786|536363636363636|1|||375858474493105|452133874132354|2|||27|522,
Bogota D.C.|Bogota D.C.||S|01:10:10|63824667536148|120293649023643|588892177589852|18:52:40|17:42:30|18391373|46227465499645|47520365147872|-7414933519013|-74047907006065|Transmilenio|Volver a casa|BOGOTA-DC 11001|BOGOTA-DC 11001|3|2|109793456838786|536363636363636|1||S|375858474493105|452133874132354|2|||522|27,
Bogota D.C.|Bogota D.C.||S|01:20:00|639026699191019|120293649023643|215927131782946|08:30:00|07:10:00|18391806|46489263517217|46440475806544|-74081502129421|-74165867014489|Transmilenio|Estudiar|BOGOTA-DC 11001|BOGOTA-DC 11001|2|1|819976449808655|263333333333333|1|||13798320228904|165985029073161|0|||290|413,
Bogota D.C.|Bogota D.C.||S|01:20:00|639026699191019|120293649023643|215927131782946|15:30:00|14:10:00|18391806|46440475806544|46489263517217|-74165867014489|-74081502129421|Transmilenio|Volver a casa|BOGOTA-DC 11001|BOGOTA-DC 11001|2|2|819976449808655|263333333333333|1|||13798320228904|165985029073161|2|||413|290,
Bogota D.C.|Bogota D.C.||S|00:46:00|639026699191019|120293649023643|215927131782946|11:05:00|10:19:00|18391806|46437948128341|46440475806544|-74062063034272|-74165867014489|Transmilenio|Estudiar|BOGOTA-DC 11001|BOGOTA-DC 11001|3|1|819976449808655|263333333333333|1|||13798320228904|165985029073161|0||S|275|413,
Bogota D.C.|Bogota D.C.||S|01:00:00|639026699191019|120293649023643|215927131782946|15:36:00|14:36:00|18391806|46440475806544|46437948128341|-74165867014489|-74062063034272|Transmilenio|Volver a casa|BOGOTA-DC 11001|BOGOTA-DC 11001|3|2|819976449808655|263333333333333|1|||13798320228904|165985029073161|2|||413|275,
Bogota D.C.|Bogota D.C.||S|00:46:00|639026699191019|120293649023643|215927131782946|11:05:00|10:19:00|18391806|46487881462404|46440475806544|-74079444366226|-74165867014489|Transmilenio|Estudiar|BOGOTA-DC 11001|BOGOTA-DC 11001|5|1|819976449808655|263333333333333|1|||13798320228904|165985029073161|0||S|291|413,
Bogota D.C.|Bogota D.C.||S|01:00:00|639026699191019|120293649023643|215927131782946|15:36:00|14:36:00|18391806|46440475806544|46487881462404|-74165867014489|-74079444366226|Transmilenio|Volver a casa|BOGOTA-DC 11001|BOGOTA-DC 11001|5|2|819976449808655|263333333333333|1|||13798320228904|165985029073161|2|||413|291,
Otros|Bogota D.C.||S|02:53:00|639026699191019|120293649023643|647781395348837|08:52:00|05:59:00|18391807|0|46440475806544|0|-74165867014489|MOTO|Trabajar|Otro|BOGOTA-DC 11001|1|1|819976449808655|263333333333333|3|||41394960686712|497955087219482|0|||1000|413,
Bogota D.C.|Otros||S|01:15:00|639026699191019|120293649023643|647781395348837|13:17:59|12:02:59|18391807|46440475806544|0|-74165867014489|0|OTROS|Volver a casa|BOGOTA-DC 11001|Otro|1|2|819976449808655|263333333333333|3|||41394960686712|497955087219482|0|||413|1000,
Bogota D.C.|Bogota D.C.||S|01:40:00|639026699191019|120293649023643|647781395348837|11:10:00|09:30:00|18391807|46425619920317|46440475806544|-74167605302526|-74165867014489|BICICLETA, BICICLETA CON MOTOR|Asuntos de Trabajo|BOGOTA-DC 11001|BOGOTA-DC 11001|2|1|819976449808655|263333333333333|3|||41394960686712|497955087219482|45||S|413|413
Bogota D.C.|Bogota D.C.||S|00:50:00|639026699191019|120293649023643|647781395348837|13:21:10|12:31:10|18391807|46440475806544|46425619920317|-74165867014489|-74167605302526|BICICLETA, BICICLETA CON MOTOR|Volver a casa|BOGOTA-DC 11001|BOGOTA-DC 11001|2|2|819976449808655|263333333333333|3|||41394960686712|497955087219482|45|||413|413
Bogota D.C.|Bogota D.C.||S|00:16:00|624030075557259|120293649023643|139892941176471|08:39:00|08:23:00|18391808|46242956235248|47174553718569|-74076277775596|-74131323967405|MOTO|Otra cosa|BOGOTA-DC 11001|BOGOTA-DC 11001|3|1|120597363083164|58|2|||872974026522801|10501323115329|0|||340|193,
Bogota D.C.|Bogota D.C.||S|00:16:00|624030075557259|120293649023643|139892941176471|14:33:00|14:17:00|18391808|47174553718569|46242956235248|-74131323967405|-74076277775596|MOTO|Volver a casa|BOGOTA-DC 11001|BOGOTA-DC 11001|3|2|120597363083164|58|2|||872974026522801|10501323115329|0|||193|340,
Bogota D.C.|Bogota D.C.||S|02:00:00|10359066886287|120293649023643|1586775|09:00:00|07:00:00|18391812|46096390840277|46141827198986|-7407139179594|-74185213635847|Transmilenio|Estudiar|BOGOTA-DC 11001|BOGOTA-DC 11001|1|1|835144736842105|95|2|||16437508358488|197732786129915|0|||993|565,
Bogota D.C.|Bogota D.C.||S|01:50:00|10359066886287|120293649023643|1586775|11:16:00|09:26:00|18391812|46141827198986|46096390840277|-74185213635847|-7407139179594|Transmilenio|Volver a casa|BOGOTA-DC 11001|BOGOTA-DC 11001|1|2|835144736842105|95|2|||16437508358488|197732786129915|0||S|565|993,
Bogota D.C.|Bogota D.C.||S|00:10:00|63824667536148|120293649023643|588892177589852|13:40:00|13:30:00|18393087|46224791421959|46227465499645|-74151397416274|-7414933519013|PEATON|Compras|BOGOTA-DC 11001|BOGOTA-DC 11001|1|1|109793456838786|536363636363636|1|||375858474493105|452133874132354|3|||523|522,
Bogota D.C.|Bogota D.C.||S|00:10:00|63824667536148|120293649023643|588892177589852|14:10:00|14:00:00|18393087|46227465499645|46224791421959|-7414933519013|-74151397416274|PEATON|Volver a casa|BOGOTA-DC 11001|BOGOTA-DC 11001|1|2|109793456838786|536363636363636|1|||375858474493105|452133874132354|3|||522|523,
Bogota D.C.|Bogota D.C.||S|00:20:00|63824667536148|120293649023643|588892177589852|16:13:00|15:53:00|18393088|46249330164369|46227891211967|-74148754038125|-74149296554557|PEATON|Ir a ver a alguien|BOGOTA-DC 11001|BOGOTA-DC 11001|1|1|109793456838786|536363636363636|1|||375858474493105|452133874132354|3|||523|522,
Bogota D.C.|Bogota D.C.||S|00:50:00|63824667536148|120293649023643|588892177589852|20:35:00|19:45:00|18393088|46227891211967|46249330164369|-74149296554557|-74148754038125|PEATON|Volver a casa|BOGOTA-DC 11001|BOGOTA-DC 11001|1|2|109793456838786|536363636363636|1|||375858474493105|452133874132354|3|||522|523,
Bogota D.C.|Bogota D.C.||S|00:50:00|63824667536148|120293649023643|588892177589852|15:50:00|15:00:00|18393088|46249330164369|46240088031383|-74148754038125|-74147803736891|PEATON|Ir a ver a alguien|BOGOTA-DC 11001|BOGOTA-DC 11001|2|1|109793456838786|536363636363636|1|||375858474493105|452133874132354|5|||523|522,
Bogota D.C.|Bogota D.C.||S|00:21:11|63824667536148|120293649023643|588892177589852|00:08:59|23:47:48|18393088|46227891211967|46249330164369|-74149296554557|-74148754038125|PEATON|Volver a casa|BOGOTA-DC 11001|BOGOTA-DC 11001|2|2|109793456838786|536363636363636|1|||375858474493105|452133874132354||||522|523,
Bogota D.C.|Bogota D.C.||S|00:55:00|63824667536148|120293649023643|588892177589852|17:14:00|16:19:00|18393089|46256955833262|46242339707585|-74147845068833|-74153137198781|PEATON|Ir a ver a alguien|BOGOTA-DC 11001|BOGOTA-DC 11001|1|1|109793456838786|536363636363636|1|||375858474493105|452133874132354|20|||418|417,
Bogota D.C.|Bogota D.C.||S|00:39:07|63824667536148|120293649023643|588892177589852|18:42:12|18:03:05|18393089|46242339707585|46256955833262|-74153137198781|-74147845068833|PEATON|Volver a casa|BOGOTA-DC 11001|BOGOTA-DC 11001|1|2|109793456838786|536363636363636|1||S|375858474493105|452133874132354|20|||417|418,
Bogota D.C.|Bogota D.C.||S|00:24:00|63824667536148|120293649023643|588892177589852|09:09:00|08:45:00|18393121|46374041418178|46227465499645|-74159658382164|-7414933519013|PEATON|Trabajar|BOGOTA-DC 11001|BOGOTA-DC 11001|1|1|109793456838786|536363636363636|1|||375858474493105|452133874132354|15|||410|522,
Bogota D.C.|Bogota D.C.||S|01:00:00|63824667536148|120293649023643|588892177589852|16:15:00|15:15:00|18393121|46227465499645|46374041418178|-7414933519013|-74159658382164|TPC-SITP|Asuntos de Trabajo|BOGOTA-DC 11001|BOGOTA-DC 11001|1|2|109793456838786|536363636363636|1|||375858474493105|452133874132354|2|||522|410,
Bogota D.C.|Bogota D.C.||S|00:15:00|63824667536148|120293649023643|176667653276956|14:15:00|14:00:00|18393154|46228803887253||-74149407812084||PEATON|Compras|BOGOTA-DC 11001|BOGOTA-DC 11001|1|1|109793456838786|536363636363636|3|||112757542347932|135640162239706|2|||522|522,
Bogota D.C.|Bogota D.C.||S|00:20:55|63824667536148|120293649023643|176667653276956|21:58:08|21:37:13|18393154|46227465499645|46228803887253|-7414933519013|-74149407812084|PEATON|Volver a casa|BOGOTA-DC 11001|BOGOTA-DC 11001|1|2|109793456838786|536363636363636|3|||112757542347932|135640162239706||||522|522,
Otros|Bogota D.C.||S|02:00:00|63824667536148|120293649023643|588892177589852|11:00:00|09:00:00|18393155|0|46333006220023|0|-74058610025899|AUTO|Recreacion|Otro|BOGOTA-DC 11001|1|1|109793456838786|536363636363636|1|||375858474493105|452133874132354|5||S|1000|522,
Bogota D.C.|Otros||S|01:50:00|63824667536148|120293649023643|588892177589852|13:11:00|11:21:00|18393155|46227465499645|0|-7414933519013|0|AUTO|Volver a casa|BOGOTA-DC 11001|Otro|1|2|109793456838786|536363636363636|1|||375858474493105|452133874132354|5||S|522|1000,
Otros|Bogota D.C.||S|02:00:00|63824667536148|120293649023643|588892177589852|11:00:00|09:00:00|18393155|0|45871140982757|0|-74168969891379|AUTO|Recreacion|Otro|BOGOTA-DC 11001|2|1|109793456838786|536363636363636|1|||375858474493105|452133874132354|10||S|1000|522,
Bogota D.C.|Otros||S|01:50:00|63824667536148|120293649023643|588892177589852|14:36:00|12:46:00|18393155|46227465499645|0|-7414933519013|0|AUTO|Volver a casa|BOGOTA-DC 11001|Otro|2|2|109793456838786|536363636363636|1|||375858474493105|452133874132354|10|||522|1000,
Bogota D.C.|Bogota D.C.||S|00:10:00|63824667536148|120293649023643|588892177589852|14:10:00|14:00:00|18393155|46242339707585|46227465499645|-74153137198781|-7414933519013|PEATON|Otra cosa|BOGOTA-DC 11001|BOGOTA-DC 11001|3|1|109793456838786|536363636363636|1|||375858474493105|452133874132354|10|||417|522,
Bogota D.C.|Bogota D.C.||S|00:10:00|63824667536148|120293649023643|588892177589852|15:11:10|15:01:10|18393155|46227465499645|46242339707585|-7414933519013|-74153137198781|PEATON|Volver a casa|BOGOTA-DC 11001|BOGOTA-DC 11001|3|2|109793456838786|536363636363636|1|||375858474493105|452133874132354|10|||522|417,
Bogota D.C.|Bogota D.C.||S|01:05:00|63824667536148|120293649023643|588892177589852|07:25:00|06:20:00|18393161|4648399240235|46273038824025|-7406103062517|-74154486518355|MOTO|Estudiar|BOGOTA-DC 11001|BOGOTA-DC 11001|2|1|109793456838786|536363636363636|1|||375858474493105|452133874132354|5|||255|417,
Bogota D.C.|Bogota D.C.||S|00:45:00|63824667536148|120293649023643|588892177589852|18:45:00|18:00:00|18393161|46242339707585|4648399240235|-74153137198781|-7406103062517|MOTO|Volver a casa|BOGOTA-DC 11001|BOGOTA-DC 11001|2|2|109793456838786|536363636363636|1||S|375858474493105|452133874132354|0|||417|255,
Bogota D.C.|Bogota D.C.||S|01:00:00|63824667536148|120293649023643|588892177589852|10:30:00|09:30:00|18393161|46835474479228|46242339707585|-74057749217058|-74153137198781|AUTO|Buscar / Dejar alguien bajo su cuidad|BOGOTA-DC 11001|BOGOTA-DC 11001|3|1|109793456838786|536363636363636|1|||375858474493105|452133874132354|2||S|849|417,
Bogota D.C.|Bogota D.C.||S|02:30:00|63824667536148|120293649023643|588892177589852|14:00:00|11:30:00|18393161|46242339707585|46835474479228|-74153137198781|-74057749217058|AUTO|Volver a casa|BOGOTA-DC 11001|BOGOTA-DC 11001|3|2|109793456838786|536363636363636|1|||375858474493105|452133874132354|2|||417|849,
Bogota D.C.|Bogota D.C.||S|01:40:00|63824667536148|120293649023643|588892177589852|09:40:00|08:00:00|18393162|47003020340384|46227465499645|-74096668648441|-7414933519013|Transmilenio|Trabajar|BOGOTA-DC 11001|BOGOTA-DC 11001|2|1|109793456838786|536363636363636|1|||375858474493105|452133874132354|3|||130|522,
Bogota D.C.|Bogota D.C.||S|01:00:00|63824667536148|120293649023643|588892177589852|20:00:00|19:00:00|18393162|46227465499645|47003020340384|-7414933519013|-74096668648441|Transmilenio|Volver a casa|BOGOTA-DC 11001|BOGOTA-DC 11001|2|2|109793456838786|536363636363636|1|||375858474493105|452133874132354|7|||522|130,
Bogota D.C.|Bogota D.C.||S|00:50:00|63824667536148|120293649023643|588892177589852|08:50:00|08:00:00|18393162|4664543459547|46227465499645|-74058269876765|-7414933519013|Transmilenio|Trabajar|BOGOTA-DC 11001|BOGOTA-DC 11001|3|1|109793456838786|536363636363636|1|||375858474493105|452133874132354|10|||241|522,
Bogota D.C.|Bogota D.C.||S|01:30:00|63824667536148|120293649023643|588892177589852|20:30:00|19:00:00|18393162|46227465499645|4664543459547|-7414933519013|-74058269876765|Transmilenio|Volver a casa|BOGOTA-DC 11001|BOGOTA-DC 11001|3|2|109793456838786|536363636363636|1|||375858474493105|452133874132354|7|||522|241,
Bogota D.C.|Bogota D.C.||S|00:50:00|63824667536148|120293649023643|588892177589852|08:50:00|08:00:00|18393162|466591436328|46227465499645|-740587052719|-7414933519013|Transmilenio|Trabajar|BOGOTA-DC 11001|BOGOTA-DC 11001|4|1|109793456838786|536363636363636|1|||375858474493105|452133874132354|10|||241|522,
Bogota D.C.|Bogota D.C.||S|01:30:00|63824667536148|120293649023643|588892177589852|20:30:00|19:00:00|18393162|46227465499645|466591436328|-7414933519013|-740587052719|Transmilenio|Volver a casa|BOGOTA-DC 11001|BOGOTA-DC 11001|4|2|109793456838786|536363636363636|1|||375858474493105|452133874132354|7|||522|241,
Bogota D.C.|Bogota D.C.||S|01:00:00|63824667536148|120293649023643|588892177589852|10:30:00|09:30:00|18393163|46850262247|46835474479228|-740579206275|-74057749217058|AUTO|Buscar / Dejar alguien bajo su cuidad|BOGOTA-DC 11001|BOGOTA-DC 11001|1|1|109793456838786|536363636363636|1|||375858474493105|452133874132354|2||S|849|522,
Bogota D.C.|Bogota D.C.||S|02:30:00|63824667536148|120293649023643|588892177589852|14:00:00|11:30:00|18393163|46227465499645|46850262247|-7414933519013|-740579206275|AUTO|Volver a casa|BOGOTA-DC 11001|BOGOTA-DC 11001|1|2|109793456838786|536363636363636|1|||375858474493105|452133874132354|2|||522|849,
Bogota D.C.|Bogota D.C.||S|01:00:00|63824667536148|120293649023643|588892177589852|10:30:00|09:30:00|18393163|46850262247|46835474479228|-740579206275|-74057749217058|AUTO|Recibir atencion en salud|BOGOTA-DC 11001|BOGOTA-DC 11001|2|1|109793456838786|536363636363636|1|||375858474493105|452133874132354|2||S|849|522,
Bogota D.C.|Bogota D.C.||S|02:30:00|63824667536148|120293649023643|588892177589852|14:00:00|11:30:00|18393163|46227465499645|46850262247|-7414933519013|-740579206275|AUTO|Volver a casa|BOGOTA-DC 11001|BOGOTA-DC 11001|2|2|109793456838786|536363636363636|1|||375858474493105|452133874132354|2|||522|849,
Bogota D.C.|Bogota D.C.||S|01:53:00|63824667536148|120293649023643|588892177589852|11:53:00|10:00:00|18393163|46256955833262|46591349780955|-74147845068833|-74126428263004|PEATON|Ir a ver a alguien|BOGOTA-DC 11001|BOGOTA-DC 11001|4|1|109793456838786|536363636363636|1|||375858474493105|452133874132354|30||S|418|522,
Bogota D.C.|Bogota D.C.||S|00:30:00|63824667536148|120293649023643|588892177589852|14:45:00|14:15:00|18393163|46227465499645|46256955833262|-7414933519013|-74147845068833|PEATON|Volver a casa|BOGOTA-DC 11001|BOGOTA-DC 11001|4|2|109793456838786|536363636363636|1|||375858474493105|452133874132354||||522|418,
Bogota D.C.|Bogota D.C.||S|01:00:00|63824667536148|120293649023643|588892177589852|10:30:00|09:30:00|18393163|46850262247|46835474479228|-740579206275|-74057749217058|AUTO|Buscar / Dejar alguien bajo su cuidad|BOGOTA-DC 11001|BOGOTA-DC 11001|5|1|109793456838786|536363636363636|1|||375858474493105|452133874132354|2||S|849|522,
Bogota D.C.|Bogota D.C.||S|02:30:00|63824667536148|120293649023643|588892177589852|14:00:00|11:30:00|18393163|46227465499645|46850262247|-7414933519013|-740579206275|AUTO|Volver a casa|BOGOTA-DC 11001|BOGOTA-DC 11001|5|2|109793456838786|536363636363636|1|||375858474493105|452133874132354|2|||522|849,
Cundinamarca|Bogota D.C.||S|01:00:00|639026699191019|120293649023643|431854263565891|07:00:00|06:00:00|18393181|47102423|46333006220023|-742144199|-74058610025899|ESPECIAL|Trabajar|MOSQUERA-cundinamarca 25473|BOGOTA-DC 11001|1|1|147223044397463|488888888888889|6|||27596640457808|331970058146322|6|||900|411,
Bogota D.C.|Cundinamarca||S|02:20:00|639026699191019|120293649023643|431854263565891|13:46:00|11:26:00|18393181|46412984586108|47102423|-74161914143961|-742144199|ESPECIAL|Volver a casa|BOGOTA-DC 11001|MOSQUERA-cundinamarca 25473|1|2|147223044397463|488888888888889|6|||27596640457808|331970058146322|6||S|411|900,
Bogota D.C.|Bogota D.C.||S|02:42:00|639026699191019|120293649023643|431854263565891|16:42:00|14:00:00|18393181|463379469191|46412984586108|-742017125722|-74161914143961|TPC-SITP|Otra cosa|BOGOTA-DC 11001|BOGOTA-DC 11001|2|1|147223044397463|488888888888889|6|||27596640457808|331970058146322|10|||557|411,
Bogota D.C.|Bogota D.C.||S|01:39:42|639026699191019|120293649023643|431854263565891|21:09:42|19:30:00|18393181|46412984586108|463379469191|-74161914143961|-742017125722|TPC-SITP|Volver a casa|BOGOTA-DC 11001|BOGOTA-DC 11001|2|2|147223044397463|488888888888889|6|||27596640457808|331970058146322|10|||411|557,
Bogota D.C.|Bogota D.C.||S|00:22:00|639026699191019|120293649023643|14395142118863|12:01:00|11:39:00|18393182|46443105225303|46414559645689|-74154513678782|-74162442414569|PEATON|Trabajar|BOGOTA-DC 11001|BOGOTA-DC 11001|1|1|147223044397463|488888888888889|2|||919888015260266|110656686048774|10|||396|412,
Bogota D.C.|Bogota D.C.||S|00:16:00|639026699191019|120293649023643|14395142118863|21:25:00|21:09:00|18393182|46432598460583|46443105225303|-74160229713987|-74154513678782|PEATON|Volver a casa|BOGOTA-DC 11001|BOGOTA-DC 11001|1|2|147223044397463|488888888888889|2|||919888015260266|110656686048774||||412|396,
Bogota D.C.|Bogota D.C.||S|01:00:00|639026699191019|120293649023643|809726744186047|09:00:00|08:00:00|18393183|4703246779|4629988095047|-740325323885|-74155415840285|Transmilenio|Trabajar|BOGOTA-DC 11001|BOGOTA-DC 11001|1|1|223372894947875|3625|1|||5174370085839|622443859024353|10|||87|417,
Bogota D.C.|Bogota D.C.||S|00:43:00|639026699191019|120293649023643|809726744186047|18:13:00|17:30:00|18393183|4629988095047|4703246779|-74155415840285|-740325323885|Transmilenio|Volver a casa|BOGOTA-DC 11001|BOGOTA-DC 11001|1|2|223372894947875|3625|1||S|5174370085839|622443859024353|10|||417|87,
Bogota D.C.|Bogota D.C.||S|01:20:00|639026699191019|120293649023643|194334418604651|08:50:00|07:30:00|18393184|46401597894466|4625883824123292|-7406556954644|-741661603763809|Transmilenio|Trabajar|BOGOTA-DC 11001|BOGOTA-DC 11001|1|1|150646836127637|43|3|||124184882060136|149386526165845|8|||275|527,
Bogota D.C.|Bogota D.C.||S|01:00:00|639026699191019|120293649023643|194334418604651|20:00:00|19:00:00|18393184|4625627170779861|46401597894466|-7416684702188871|-7406556954644|Transmilenio|Volver a casa|BOGOTA-DC 11001|BOGOTA-DC 11001|1|2|150646836127637|43|3|||124184882060136|149386526165845|15|||527|275,
Bogota D.C.|Bogota D.C.||S|01:20:00|639026699191019|120293649023643|194334418604651|08:50:00|07:30:00|18393184|46432233724925|4626739334596259|-74064962783218|-7416796282083891|Transmilenio|Trabajar|BOGOTA-DC 11001|BOGOTA-DC 11001|2|1|150646836127637|43|3|||124184882060136|149386526165845|10|||275|527,
Bogota D.C.|Bogota D.C.||S|01:08:33|639026699191019|120293649023643|194334418604651|11:27:46|10:19:13|18393184|4625627170779861|46432233724925|-7416684702188871|-74064962783218|Transmilenio|Volver a casa|BOGOTA-DC 11001|BOGOTA-DC 11001|2|2|150646836127637|43|3|||124184882060136|149386526165845|||S|527|275,
Bogota D.C.|Bogota D.C.||S|01:25:25|639026699191019|120293649023643|14395142118863|13:30:25|12:05:00|18393185|46273219142957|46396403963168|-74189387892818|-74164786263509|PEATON|Recreacion|BOGOTA-DC 11001|BOGOTA-DC 11001|1|1|147223044397463|488888888888889|2|||919888015260266|110656686048774|30|||552|412,
Bogota D.C.|Bogota D.C.||S|01:37:00|639026699191019|120293649023643|14395142118863|15:08:25|13:31:25|18393185|46396403963168|46273219142957|-74164786263509|-74189387892818|PEATON|Volver a casa|BOGOTA-DC 11001|BOGOTA-DC 11001|1|2|147223044397463|488888888888889|2|||919888015260266|110656686048774|30|||412|552,
Bogota D.C.|Bogota D.C.||S|03:00:00|418581968016165|120293649023643|63471|17:00:00|14:00:00|18394486|462105800772|4616697008964|-74135085864|-74136118294199|TPC-SITP|Tramites|BOGOTA-DC 11001|BOGOTA-DC 11001|1|1|288504545454545|22|1|||26567816091954|319593954429021|30|||951|554,
Bogota D.C.|Bogota D.C.||S|00:50:00|418581968016165|120293649023643|63471|18:21:00|17:31:00|18394486|46338948744052|462105800772|-7419364402597|-74135085864|TPC-SITP|Volver a casa|BOGOTA-DC 11001|BOGOTA-DC 11001|1|2|288504545454545|22|1||S|26567816091954|319593954429021|30|||554|951,
Bogota D.C.|Bogota D.C.||S|00:21:00|134054047747945|120293649023643|84628|04:21:00|04:00:00|18394662|46701543477483|46008798672897|-74055247712583|-7418144064185|TAXI|Trabajar|BOGOTA-DC 11001|BOGOTA-DC 11001|3|1|835144736842105|253333333333333|4|||113447259528131|136469848203711|10|||163|544,
Bogota D.C.|Bogota D.C.||S|00:45:00|134054047747945|120293649023643|84628|15:45:00|15:00:00|18394662|46008798672897|46701543477483|-7418144064185|-74055247712583|TAXI|Volver a casa|BOGOTA-DC 11001|BOGOTA-DC 11001|3|2|835144736842105|253333333333333|4|||113447259528131|136469848203711|2|||544|163,
Bogota D.C.|Bogota D.C.||S|01:24:00|134054047747945|120293649023643|84628|07:24:00|06:00:00|18394662|46303180189905|46008798672897|-74167793493297|-7418144064185|ALIMENTADOR|Trabajar|BOGOTA-DC 11001|BOGOTA-DC 11001|5|1|835144736842105|253333333333333|4|||113447259528131|136469848203711|20|||528|544,
Bogota D.C.|Bogota D.C.||S|00:11:00|134054047747945|120293649023643|84628|09:48:00|09:37:00|18394662|46008798672897|46303180189905|-7418144064185|-74167793493297|ALIMENTADOR|Volver a casa|BOGOTA-DC 11001|BOGOTA-DC 11001|5|2|835144736842105|253333333333333|4|||113447259528131|136469848203711|20|||544|528,
Bogota D.C.|Bogota D.C.||S|01:54:00|134054047747945|120293649023643|84628|07:54:00|06:00:00|18394662|46082012662967|46008798672897|-7407076072462|-7418144064185|Transmilenio|Trabajar|BOGOTA-DC 11001|BOGOTA-DC 11001|6|1|835144736842105|253333333333333|4|||113447259528131|136469848203711|20|||993|544,
Bogota D.C.|Bogota D.C.||S|01:37:00|134054047747945|120293649023643|84628|14:53:00|13:16:00|18394662|46008798672897|46082012662967|-7418144064185|-7407076072462|Transmilenio|Volver a casa|BOGOTA-DC 11001|BOGOTA-DC 11001|6|2|835144736842105|253333333333333|4|||113447259528131|136469848203711|20|||544|993,
Bogota D.C.|Bogota D.C.||S|00:43:00|63824667536148|120293649023643|323890697674419|20:39:00|19:56:00|18394663|46783719488604|4622007948261|-74074118301809|-74143419242533|Transmilenio|Compras|BOGOTA-DC 11001|BOGOTA-DC 11001|2|1|150646836127637|215|1|||206722160971208|248673630772795|15|||170|420,
Bogota D.C.|Bogota D.C.||S|00:30:00|63824667536148|120293649023643|323890697674419|21:47:44|21:17:44|18394663|4622007948261|46783719488604|-74143419242533|-74074118301809|Transmilenio|Volver a casa|BOGOTA-DC 11001|BOGOTA-DC 11001|2|2|150646836127637|215|1|||206722160971208|248673630772795|15|||420|170,
Bogota D.C.|Bogota D.C.||S|00:30:00|63824667536148|120293649023643|323890697674419|10:30:00|10:00:00|18394663|45973975707478|4622007948261|-74075942289389|-74143419242533|AUTO|Asuntos de Trabajo|BOGOTA-DC 11001|BOGOTA-DC 11001|3|1|150646836127637|215|1|||206722160971208|248673630772795|0||S|459|420,
Bogota D.C.|Bogota D.C.||S|01:20:00|63824667536148|120293649023643|323890697674419|19:20:00|18:00:00|18394663|4622007948261|45973975707478|-74143419242533|-74075942289389|AUTO|Volver a casa|BOGOTA-DC 11001|BOGOTA-DC 11001|3|2|150646836127637|215|1||S|206722160971208|248673630772795|0|||420|459,
